name,place_id,score,score_version,score_range,ward_or_area,cuisine,price_band,budget,short_description,map_eligible,catalog_cohort
Pebble Hiroo Terrace,ChIJ9yAQZMCLGGARv8Zu0S99ks8,70.54,public-v4-quality-research-specialist-tristate,70-71.99,4 Chome Hiroo,California brunch restaurant,unknown,,"California-inspired all-day brunch in Hiroo, pairing pancakes, burritos, fried chicken, and seasonal plates with an open, pet-friendly terrace.",True,new_313
TenCups Cafe Bar & Lounge,ChIJLXAYkTWLGGARC4EE-8e4XWI,71.55,public-v4-quality-research-specialist-tristate,70-71.99,3 Chome Shibuya,Cafe and cocktail bar,unknown,,"A plant-filled Shibuya café and cocktail lounge serving Northern Thai coffee, Southeast Asian-inspired food, and inventive evening drinks.",True,new_313
d'ici,ChIJufH5w2mLGGARJNgHA2uXoYo,71.57,public-v4-quality-research-specialist-tristate,70-71.99,5 Chome Minamiazabu,French bistro,upscale,JPY 4000-9999,"A Hiroo French bistro focused on regional French cooking, buckwheat galettes, customizable courses, and a broad French wine selection.",True,new_313
KANPAI KAMATA,ChIJj8gsaQBhGGARlxeOOAWHztk,71.92,public-v4-quality-research-specialist-tristate,70-71.99,2 Chome Kamatahoncho,Indian and Nepali restaurant,moderate,JPY 3500-3500,"A Kamata neighborhood spot for Indian and Nepali curries, tandoori dishes, naan, biryani, and spice-forward drinking food.",True,new_313
BBQ DAYS Kichijoji Parco,ChIJCVgBOCTvGGARk8ZfDLqgjCU,71.93,public-v4-quality-research-specialist-tristate,70-71.99,1 Chome Kichijoji Honcho,Barbecue restaurant,moderate,JPY 1900-1900,"Seasonal rooftop BBQ at Kichijoji PARCO with charcoal grills, bring-your-own food and drinks, prepared sets, and beer-garden-style group dining.",True,new_313
Bistro 961,ChIJcy6fWo-JGGARN3dpmp66prw,73.45,public-v4-quality-research-specialist-tristate,72-74.99,4 Chome Tsukishima,Bistro / Italian,moderate,JPY 1000-3999,"A compact Tsukishima bistro pairing handmade creative dishes with Japanese wine and craft gin, from pasta and seasonal plates to meat dishes.",True,new_313
Bar Mokuren,ChIJXwxX51rzGGAR1gl1HlPm6Sk,73.99,public-v4-quality-research-specialist-tristate,72-74.99,2 Chome Hatagaya,Bar,unknown,,A compact Hatagaya bar pairing Scotch-led whisky and classic or seasonal cocktails with handmade Italian- and French-influenced dishes and desserts.,True,new_313
Kameido Art Center,ChIJfwnqXyuJGGARpQlISRe5joc,74.28,public-v4-quality-research-specialist-tristate,72-74.99,9 Chome Kameido,Art gallery,unknown,,"Artist-run alternative gallery in Kameido combining rotating exhibitions with a cafe stand, silkscreen printing, workshops, talks, and art goods.",True,new_313
Sumibi Yakitori Shin,ChIJ0XtXQpSNGGARSC8ZX7THxUA,74.31,public-v4-quality-research-specialist-tristate,72-74.99,2 Chome Iidabashi,Yakitori restaurant,moderate,JPY 4000-5000,"A compact Iidabashi yakitori restaurant with charcoal-grilled skewers, seasonal vegetable dishes, Japanese sake, and counter or table seating.",True,original_538
HOWL DELI Ariake Urban Sports Park,ChIJCwOO8aiJGGARewx9jQJHk0s,74.91,public-v4-quality-research-specialist-tristate,72-74.99,1 Chome Ariake,Cafe,moderate,JPY 980-1500,"Pet-friendly Ariake deli cafe serving over-rice bowls, salads, sandwiches, drinks, and dedicated dog-friendly dishes in a spacious sports-park setting.",True,new_313
Qiqihar Barbecue,ChIJUTWLZTmRGGARxOTDinwFGD0,75.26,public-v4-quality-research-specialist-tristate,75-79.99,2 Chome Takenotsuka,Chinese barbecue restaurant,unknown,,"Qiqihar-style Northeastern Chinese barbecue in Takenotsuka, serving seasoned meats with fermented cabbage and regional Chinese dishes in a lively neighborhood setting.",True,new_313
de’Afrique (De Afrique),ChIJKdWxmR71GGAR1vIkBomBWiY,76.01,public-v4-quality-research-specialist-tristate,75-79.99,6 Chome Okusawa,African restaurant and bar,upscale,JPY 3500-5000,"An Ethiopian-led African restaurant-bar in Okusawa serving injera, dorowat, couscous, and other regional dishes with African drinks.",True,new_313
Shunju,ChIJBdqhQm-LGGARRDcig3BJbD4,76.16,public-v4-quality-research-specialist-tristate,75-79.99,7 Chome Minamiaoyama,Chinese restaurant,splurge,JPY 22000+,A discreet Minami-Aoyama Chinese restaurant serving seasonal Shanghai home-style cuisine through a reservation-only omakase course.,True,new_313
Lounge 8 Tokyo,ChIJuwLDMaqMGGARAAPYTN4gl0g,77.29,public-v4-quality-research-specialist-tristate,75-79.99,Shibuya,Bar,upscale,JPY 1000-6000,"A compact Shibuya bar focused on Japanese whisky, craft gin, and other Japanese-made drinks, with casual small plates and cocktails.",True,original_538
Trattoria Shunraku,ChIJ11ZXCBzzGGARq8h1EoWVPTQ,77.77,public-v4-quality-research-specialist-tristate,75-79.99,Shinjuku,Italian,upscale,JPY 4000-7000,A seven-seat counter trattoria serving casual Italian cooking with Japanese-influenced flavors in a quiet Higashi-Nakano setting.,True,original_538
hal okada vegan patisserie,ChIJ9Y9K_3aLGGARYQIxj08v9rY,77.79,public-v4-quality-research-specialist-tristate,75-79.99,5 Chome Hiroo,Cake shop,unknown,,"Hiroo’s specialist vegan patisserie, offering 100% plant-based cakes, seasonal sweets, and custom celebration cakes for advance pickup.",True,new_313
Zururi Yanaka Sohonten,ChIJB9egl6mNGGARkyq7OUFAfrA,78.56,public-v4-quality-research-specialist-tristate,75-79.99,Taito,Ramen restaurant,budget,JPY 1000-2000,"A small Yanaka ramen izakaya serving light soy ramen and rich chicken-pork paitan, with counter seats and tatami tables.",True,original_538
Local Spicy SITARA Tsukiji,ChIJxVBbAoKLGGARUxJedeLj1L4,78.76,public-v4-quality-research-specialist-tristate,75-79.99,Chuo,Indian restaurant,budget,JPY 1000-2000,"A casual Indian restaurant near Tsukiji Station serving curry, naan, biryani, tandoori dishes, and other South Asian fare in a neighborhood setting.",True,original_538
Shunpu Taitou,ChIJuyVwmlXxGGARYp7ZDiyMGPI,79.25,public-v4-quality-research-specialist-tristate,75-79.99,3 Chome Soshigaya,Bistro,upscale,JPY 3000-10000,"A small Soshigaya bistro pairing comforting European-style dishes with natural wine, plus an intimate in-house wine shop.",True,original_538
Kin Sushi,ChIJLS2KBhSMGGARGIyajoRNqxI,79.81,public-v4-quality-research-specialist-tristate,75-79.99,Chiyoda,Sushi restaurant,splurge,JPY 10000+,"Long-running Jimbocho sushi counter serving seasonal Edomae sushi, house-seasoned rice, and traditional kanpyo rolls in a small setting.",True,original_538
Janata Mart Halal Food,ChIJd2RD_zdhGGARkGqUP4kizrM,80.09,public-v4-quality-research-specialist-tristate,80+,Ota,Halal food shop,unknown,,A halal food shop in Nakarokugo specializing in Indian and Nepali spices and related South Asian food products.,True,original_538
Pizza House Taguchi,ChIJQQNFIyCSGGAR3TBCyeHPLzc,82.17,public-v4-quality-research-specialist-tristate,80+,Adachi,Pizza,moderate,JPY 1000-4000,"Neighborhood pizza shop in Nishiarai, Tokyo, near Nishiarai-Daishi-Nishi Station, offering handmade pizzas for local diners.",True,original_538
VinIX (Vank),ChIJX24yQuGLGGARMGKpZWHP0_A,82.75,public-v4-quality-research-specialist-tristate,80+,Minato,Yakiniku restaurant,splurge,JPY 10000+,"A private-room dinner pairing aged black Wagyu yakiniku with French techniques, detailed presentation, and a bank-themed dining experience.",True,original_538
Sushi Masa,ChIJV7KUAACJGGARjPCDGos7TGc,85.18,public-v4-quality-research-specialist-tristate,80+,Koto,寿司,upscale,JPY 4000-8000,"An omakase sushi counter in Toyosu Senkyaku Banrai, serving seasonal fish and creative dishes with the chef working in front of guests.",True,original_538
Yuima,ChIJ6d8N8dntGGARoNUj9Kt2QcI,85.62,public-v4-quality-research-specialist-tristate,80+,Suginami,Chinese restaurant,moderate,JPY 2000-3000,"Small evening Chinese restaurant near Iogi Station, serving familiar dishes, dumplings, Sichuan-style items, and Chinese drinks.",True,original_538
